"date_exported","data_stage","project","site_id","site_type","hole_id_proposedprev","start_depth","end_depth","planneddepth","easting","northing","height","mine_rl","coordsys","date_started","date_completed","hole_status","survey_type","survey_method","date_surveyed","surveyed_by","drilling_contractor","rigid","prospect","zonearea","target","purpose","purposedetail","logged_by","logged_date","comments"
"2022-09-06","P","TujuhBukit","GTD-15-509","DD","GCA062",0,25.3,25.3,174384.496,9046639.843,478.618,5478.618,"WGS84_50S","2015-04-07","2015-04-07","Completed","SURVEYED","dGPS","2015-05-24","MA1","Maxidrill","MD150","Tumpang Pitu","A","HSAuAg","Grade-Control","Infill drilling 20x20m. To test the Oxidemodel Au-grade. Drill to +450mRL.","PR",NULL,"Designed on the 10x10m Grade Control Grid."
"2022-09-06","P","TujuhBukit","GTD-15-510","DD","GCA061",0,23.9,23.9,174406.757,9046635.929,475.254,5475.254,"WGS84_50S","2015-04-08","2015-04-08","Completed","SURVEYED","dGPS","2015-05-24","MA1","Maxidrill","MD150","Tumpang Pitu","A","HSAuAg","Grade-Control","Infill drilling 20x20m. To test the Oxidemodel Au-grade. Drill to +450mRL.","PR",NULL,"Designed on the 10x10m Grade Control Grid. (Piezometer Holes)"
"2022-09-06","P","TujuhBukit","GTD-15-511","DD","GCA053",0,30.7,30.7,174402.696,9046654.424,480.888,5480.888,"WGS84_50S","2015-04-09","2015-04-09","Completed","SURVEYED","dGPS","2015-05-24","MA1","Maxidrill","MD150","Tumpang Pitu","A","HSAuAg","Grade-Control","Infill drilling 20x20m. To test the Oxidemodel Au-grade. Drill to +450mRL.","PR",NULL,"Designed on the 10x10m Grade Control Grid."
"2022-09-06","P","TujuhBukit","GTD-15-512","DD","GCA052",0,28,28,174424.218,9046654.051,476.942,5476.942,"WGS84_50S","2015-04-10","2015-04-10","Completed","SURVEYED","dGPS","2015-05-24","MA1","Maxidrill","MD150","Tumpang Pitu","A","HSAuAg","Grade-Control","Infill drilling 20x20m. To test the Oxidemodel Au-grade. Drill to +450mRL.","PR",NULL,"Designed on the 10x10m Grade Control Grid."
"2022-09-06","P","TujuhBukit","GTD-15-513","DD","GCA043",0,26,26,174424.038,9046676.111,473.484,5473.484,"WGS84_50S","2015-04-11","2015-04-11","Completed","SURVEYED","dGPS","2015-05-24","MA1","Maxidrill","MD150","Tumpang Pitu","A","HSAuAg","Grade-Control","Infill drilling 20x20m. To test the Oxidemodel Au-grade. Drill to +450mRL.","PR",NULL,"Designed on the 10x10m Grade Control Grid. (Piezometer Holes)"
"2022-09-06","P","TujuhBukit","GTD-15-514","DD","GCA034",0,26,26,174404.447,9046697.079,474.83,5474.83,"WGS84_50S","2015-04-11","2015-04-11","Completed","SURVEYED","dGPS","2015-05-24","MA1","Maxidrill","MD150","Tumpang Pitu","A","HSAuAg","Grade-Control","Infill drilling 20x20m. To test the Oxidemodel Au-grade. Drill to +450mRL.",NULL,NULL,"Designed on the 10x10m Grade Control Grid."
"2022-09-06","P","TujuhBukit","GTD-15-515","DD","GCA035",0,32,32,174384.297,9046693.846,480.404,5480.404,"WGS84_50S","2015-04-12","2015-04-12","Completed","SURVEYED","dGPS","2015-05-24","MA1","Maxidrill","MD150","Tumpang Pitu","A","HSAuAg","Grade-Control","Infill drilling 20x20m. To test the Oxidemodel Au-grade. Drill to +450mRL.",NULL,NULL,"Designed on the 10x10m Grade Control Grid."
"2022-09-06","P","TujuhBukit","GTD-15-516","DD","GCA025",0,32,32,174384.959,9046712.304,480.045,5480.045,"WGS84_50S","2015-04-12","2015-04-12","Completed","SURVEYED","dGPS","2015-05-24","MA1","Maxidrill","MD150","Tumpang Pitu","A","HSAuAg","Grade-Control","Infill drilling 20x20m. To test the Oxidemodel Au-grade. Drill to +450mRL.",NULL,NULL,"Designed on the 10x10m Grade Control Grid."
"2022-09-06","P","TujuhBukit","GTD-15-517","DD","GCA026",0,38,38,174363.12,9046712.549,486.543,5486.543,"WGS84_50S","2015-04-13","2015-04-13","Completed","SURVEYED","dGPS","2015-05-24","MA1","Maxidrill","MD150","Tumpang Pitu","A","HSAuAg","Grade-Control","Infill drilling 20x20m. To test the Oxidemodel Au-grade. Drill to +450mRL.",NULL,NULL,"Designed on the 10x10m Grade Control Grid."
"2022-09-06","P","TujuhBukit","GTD-15-518","DD","GCA027",0,38,38,174345.453,9046716.22,486.629,5486.629,"WGS84_50S","2015-04-14","2015-04-14","Completed","SURVEYED","dGPS","2015-05-24","MA1","Maxidrill","MD150","Tumpang Pitu","A","HSAuAg","Grade-Control","Infill drilling 20x20m. To test the Oxidemodel Au-grade. Drill to +450mRL.","PR",NULL,"Designed on the 10x10m Grade Control Grid."
"2022-09-06","P","TujuhBukit","GTD-15-519","DD","GCA037",0,40,40,174344.773,9046696.88,488.464,5488.464,"WGS84_50S","2015-04-15","2015-04-15","Completed","SURVEYED","dGPS","2015-05-24","MA1","Maxidrill","MD150","Tumpang Pitu","A","HSAuAg","Grade-Control","Infill drilling 20x20m. To test the Oxidemodel Au-grade. Drill to +450mRL.",NULL,NULL,"Designed on the 10x10m Grade Control Grid. (Piezometer Holes)"
"2022-09-06","P","TujuhBukit","GTD-15-520","DD","GCA048",0,36,36,174325.526,9046672.601,484.877,5484.877,"WGS84_50S","2015-04-16","2015-04-17","Completed","SURVEYED","dGPS","2015-05-24","MA1","Maxidrill","MD150","Tumpang Pitu","A","HSAuAg","Grade-Control","Infill drilling 20x20m. To test the Oxidemodel Au-grade. Drill to +450mRL.",NULL,NULL,"Designed on the 10x10m Grade Control Grid."
"2022-09-06","P","TujuhBukit","GTD-15-521","DD","GCA057",0,32,32,174328.317,9046654.624,481.356,5481.356,"WGS84_50S","2015-04-17","2015-04-18","Completed","SURVEYED","dGPS","2015-05-24","MA1","Maxidrill","MD150","Tumpang Pitu","A","HSAuAg","Grade-Control","Infill drilling 20x20m. To test the Oxidemodel Au-grade. Drill to +450mRL.",NULL,NULL,"Designed on the 10x10m Grade Control Grid."
"2022-09-06","P","TujuhBukit","GTD-15-522","DD","GCA049",0,16,16,174305.874,9046672.624,466.303,5466.303,"WGS84_50S","2015-04-18","2015-04-18","Completed","SURVEYED","dGPS","2015-05-24","MA1","Maxidrill","MD150","Tumpang Pitu","A","HSAuAg","Grade-Control","Infill drilling 20x20m. To test the Oxidemodel Au-grade. Drill to +450mRL.",NULL,NULL,"Designed on the 10x10m Grade Control Grid."
"2022-09-06","P","TujuhBukit","GTD-15-523","DD","GCA058",0,18,18,174304.752,9046656.991,469.044,5469.044,"WGS84_50S","2015-04-19","2015-04-19","Completed","SURVEYED","dGPS","2015-05-24","MA1","Maxidrill","MD150","Tumpang Pitu","A","HSAuAg","Grade-Control","Infill drilling 20x20m. To test the Oxidemodel Au-grade. Drill to +450mRL.","KM",NULL,"Designed on the 10x10m Grade Control Grid. (Piezometer Holes)"
"2022-09-06","P","TujuhBukit","GTD-15-524","DD","GCA065",0,16,16,174326.331,9046637.321,470.918,5470.918,"WGS84_50S","2015-04-20","2015-04-20","Completed","SURVEYED","dGPS","2015-05-24","MA1","Maxidrill","MD150","Tumpang Pitu","A","HSAuAg","Grade-Control","Infill drilling 20x20m. To test the Oxidemodel Au-grade. Drill to +450mRL.","KM",NULL,"Designed on the 10x10m Grade Control Grid."
"2022-09-06","P","TujuhBukit","GTD-15-525","DD","GCA064",0,24,24,174348.663,9046636.626,476.209,5476.209,"WGS84_50S","2015-04-20","2015-04-20","Completed","SURVEYED","dGPS","2015-05-24","MA1","Maxidrill","MD150","Tumpang Pitu","A","HSAuAg","Grade-Control","Infill drilling 20x20m. To test the Oxidemodel Au-grade. Drill to +450mRL.","KM",NULL,"Designed on the 10x10m Grade Control Grid."
"2022-09-06","P","TujuhBukit","GTD-15-526","DD","GCA056",0,36,36,174348.431,9046653.464,484.205,5484.205,"WGS84_50S","2015-04-21","2015-04-21","Completed","SURVEYED","dGPS","2015-05-24","MA1","Maxidrill","MD150","Tumpang Pitu","A","HSAuAg","Grade-Control","Infill drilling 20x20m. To test the Oxidemodel Au-grade. Drill to +450mRL.","KM",NULL,"Designed on the 10x10m Grade Control Grid. (Piezometer Holes)"
"2022-09-06","P","TujuhBukit","GTD-15-527","DD","GCA047",0,40,40,174345.224,9046675.824,488.642,5488.642,"WGS84_50S","2015-04-22","2015-04-22","Completed","SURVEYED","dGPS","2015-05-24","MA1","Maxidrill","MD150","Tumpang Pitu","A","HSAuAg","Grade-Control","Infill drilling 20x20m. To test the Oxidemodel Au-grade. Drill to +450mRL.","KM",NULL,"Designed on the 10x10m Grade Control Grid."
"2022-09-06","P","TujuhBukit","GTD-15-528","DD","GCA038",0,38,38,174328.574,9046691.711,488.352,5488.352,"WGS84_50S","2015-04-23","2015-04-23","Completed","SURVEYED","dGPS","2015-05-24","MA1","Maxidrill","MD150","Tumpang Pitu","A","HSAuAg","Grade-Control","Infill drilling 20x20m. To test the Oxidemodel Au-grade. Drill to +450mRL.","KM",NULL,"Designed on the 10x10m Grade Control Grid."
"2022-09-06","P","TujuhBukit","GTD-15-529","DD","GCA020",0,26,26,174283.385,9046731.529,476.173,5476.173,"WGS84_50S","2015-04-24","2015-04-24","Completed","SURVEYED","dGPS","2015-05-24","MA1","Maxidrill","MD150","Tumpang Pitu","A","HSAuAg","Grade-Control","Infill drilling 20x20m. To test the Oxidemodel Au-grade. Drill to +450mRL.","KM",NULL,"Designed on the 10x10m Grade Control Grid."
"2022-09-06","P","TujuhBukit","GTD-15-530","DD","GCA030",0,24,24,174284.144,9046717.379,475.673,5475.673,"WGS84_50S","2015-04-25","2015-04-25","Completed","SURVEYED","dGPS","2015-05-24","MA1","Maxidrill","MD150","Tumpang Pitu","A","HSAuAg","Grade-Control","Infill drilling 20x20m. To test the Oxidemodel Au-grade. Drill to +450mRL.","KM",NULL,"Designed on the 10x10m Grade Control Grid."
"2022-09-06","P","TujuhBukit","GTD-15-531","DD","GCA031",0,10,10,174265.842,9046716.786,463.956,5463.956,"WGS84_50S","2015-04-26","2015-04-26","Completed","SURVEYED","dGPS","2015-05-24","MA1","Maxidrill","MD150","Tumpang Pitu","A","HSAuAg","Grade-Control","Infill drilling 20x20m. To test the Oxidemodel Au-grade. Drill to +450mRL.","KM",NULL,"Designed on the 10x10m Grade Control Grid. (Piezometer Holes)"
"2022-09-06","P","TujuhBukit","GTD-15-532","DD","GCA021",0,16,16,174264.574,9046736.219,463.912,5463.912,"WGS84_50S","2015-04-26","2015-04-26","Completed","SURVEYED","dGPS","2015-05-24","MA1","Maxidrill","MD150","Tumpang Pitu","A","HSAuAg","Grade-Control","Infill drilling 20x20m. To test the Oxidemodel Au-grade. Drill to +450mRL.","KM",NULL,"Designed on the 10x10m Grade Control Grid. (Piezometer Holes)"
"2022-09-06","P","TujuhBukit","GTD-15-533","DD","GCA012",0,14,14,174283.236,9046752.715,462.473,5462.473,"WGS84_50S","2015-04-27","2015-04-27","Completed","SURVEYED","dGPS","2014-05-24","MA1","Maxidrill","MD150","Tumpang Pitu","A","HSAuAg","Grade-Control","Infill drilling 20x20m. To test the Oxidemodel Au-grade. Drill to +450mRL.","KM",NULL,"Designed on the 10x10m Grade Control Grid."
"2022-09-06","P","TujuhBukit","GTD-15-534","DD","GCA005",0,12,12,174308.14,9046774.212,462.072,5462.072,"WGS84_50S","2015-04-27","2015-04-27","Completed","SURVEYED","dGPS","2015-05-24","MA1","Maxidrill","MD150","Tumpang Pitu","A","HSAuAg","Grade-Control","Infill drilling 20x20m. To test the Oxidemodel Au-grade. Drill to +450mRL.","KM",NULL,"Designed on the 10x10m Grade Control Grid. (Piezometer Holes)"
"2022-09-06","P","TujuhBukit","GTD-15-535","DD","GCA004",0,14,14,174323.737,9046774.592,465.029,5465.029,"WGS84_50S","2015-04-27","2015-04-27","Completed","SURVEYED","dGPS","2015-05-24","MA1","Maxidrill","MD150","Tumpang Pitu","A","HSAuAg","Grade-Control","Infill drilling 20x20m. To test the Oxidemodel Au-grade. Drill to +450mRL.",NULL,NULL,"Designed on the 10x10m Grade Control Grid."
"2022-09-06","P","TujuhBukit","GTD-15-536","DD","GCA003",0,14,14,174343.778,9046772.758,463.383,5463.383,"WGS84_50S","2015-04-28","2015-04-28","Completed","SURVEYED","dGPS","2015-05-24","MA1","Maxidrill","MD150","Tumpang Pitu","A","HSAuAg","Grade-Control","Infill drilling 20x20m. To test the Oxidemodel Au-grade. Drill to +450mRL.",NULL,NULL,"Designed on the 10x10m Grade Control Grid."
"2022-09-06","P","TujuhBukit","GTD-15-537","DD","GCA002",0,14,14,174365.047,9046775.308,460.84,5460.84,"WGS84_50S","2015-04-29","2015-04-29","Completed","SURVEYED","dGPS","2015-05-24","MA1","Maxidrill","MD150","Tumpang Pitu","A","HSAuAg","Grade-Control","Infill drilling 20x20m. To test the Oxidemodel Au-grade. Drill to +450mRL.",NULL,NULL,"Designed on the 10x10m Grade Control Grid."
"2022-09-06","P","TujuhBukit","GTD-15-538","DD","GCA010",0,24,24,174324.034,9046753.269,473.978,5473.978,"WGS84_50S","2015-04-29","2015-04-29","Completed","SURVEYED","dGPS","2015-05-24","MA1","Maxidrill","MD150","Tumpang Pitu","A","HSAuAg","Grade-Control","Infill drilling 20x20m. To test the Oxidemodel Au-grade. Drill to +450mRL.",NULL,NULL,"Designed on the 10x10m Grade Control Grid."
"2022-09-06","P","TujuhBukit","GTD-15-539","DD","GCA009",0,24,24,174344.281,9046753.593,472.241,5472.241,"WGS84_50S","2015-04-30","2015-04-30","Completed","SURVEYED","dGPS","2015-05-24","MA1","Maxidrill","MD150","Tumpang Pitu","A","HSAuAg","Grade-Control","Infill drilling 20x20m. To test the Oxidemodel Au-grade. Drill to +450mRL.",NULL,NULL,"Designed on the 10x10m Grade Control Grid. (Piezometer Holes)"
"2022-09-06","P","TujuhBukit","GTD-15-540","DD","GCA016",0,32,32,174366.874,9046736.065,480.883,5480.883,"WGS84_50S","2015-04-30","2015-04-30","Completed","SURVEYED","dGPS","2015-05-24","MA1","Maxidrill","MD150","Tumpang Pitu","A","HSAuAg","Grade-Control","Infill drilling 20x20m. To test the Oxidemodel Au-grade. Drill to +450mRL.",NULL,NULL,"Designed on the 10x10m Grade Control Grid."
"2022-09-06","P","TujuhBukit","GTD-15-541","DD","GCA017",0,32,32,174348.659,9046731.615,482.181,5482.181,"WGS84_50S","2015-05-01","2015-05-01","Completed","SURVEYED","dGPS","2015-05-24","MA1","Maxidrill","MD150","Tumpang Pitu","A","HSAuAg","Grade-Control","Infill drilling 20x20m. To test the Oxidemodel Au-grade. Drill to +450mRL.",NULL,NULL,"Designed on the 10x10m Grade Control Grid."
"2022-09-06","P","TujuhBukit","GTD-15-542","DD","GCA036",0,40,40,174362.756,9046693.322,487.019,5487.019,"WGS84_50S","2015-05-02","2015-05-02","Completed","SURVEYED","dGPS","2015-05-24","MA1","Maxidrill","MD150","Tumpang Pitu","A","HSAuAg","Grade-Control","Infill drilling 20x20m. To test the Oxidemodel Au-grade. Drill to +450mRL.",NULL,NULL,"Designed on the 10x10m Grade Control Grid."
"2022-09-06","P","TujuhBukit","GTD-15-543","DD","GCE090",0,36,36,174596.446,9046146.236,400.079,5400.079,"WGS84_50S","2015-05-03","2015-05-03","Completed","SURVEYED","dGPS","2015-06-09","MA1","Maxidrill","MD150","Tumpang Pitu","E","HSAuAg","Grade-Control","Infill drilling 20x20m. To test the Oxidemodel Au-grade. Drill to +365mRL.",NULL,NULL,"Designed on the 10x10m Grade Control Grid. (Piezometer Holes)"
"2022-09-06","P","TujuhBukit","GTD-15-544","DD","GCE092",0,40,40,174574.594,9046146.133,397.144,5397.144,"WGS84_50S","2015-05-04","2015-05-04","Completed","SURVEYED","dGPS","2015-06-09","MA1","Maxidrill","MD150","Tumpang Pitu","E","HSAuAg","Grade-Control","Infill drilling 20x20m. To test the Oxidemodel Au-grade. Drill to +360mRL.",NULL,NULL,"Designed on the 10x10m Grade Control Grid."
"2022-09-06","P","TujuhBukit","GTD-15-545","DD","GCE094",0,40,40,174554.938,9046147.656,394.865,5394.865,"WGS84_50S","2015-05-05","2015-05-05","Completed","SURVEYED","dGPS","2015-06-09","MA1","Maxidrill","MD150","Tumpang Pitu","E","HSAuAg","Grade-Control","Infill drilling 20x20m. To test the Oxidemodel Au-grade. Drill to +355mRL.",NULL,NULL,"Designed on the 10x10m Grade Control Grid."
"2022-09-06","P","TujuhBukit","GTD-15-546","DD","GCE096",0,46,46,174537.831,9046143.86,390.589,5390.589,"WGS84_50S","2015-05-06","2015-05-06","Completed","SURVEYED","dGPS","2015-06-09","MA1","Maxidrill","MD150","Tumpang Pitu","E","HSAuAg","Grade-Control","Infill drilling 20x20m. To test the Oxidemodel Au-grade. Drill to +345mRL.",NULL,NULL,"Designed on the 10x10m Grade Control Grid."
"2022-09-06","P","TujuhBukit","GTD-15-547","DD","GCE098",0,40,40,174515.477,9046139.616,384.846,5384.846,"WGS84_50S","2015-05-07","2015-05-07","Completed","SURVEYED","dGPS","2015-06-09","MA1","Maxidrill","MD150","Tumpang Pitu","E","HSAuAg","Grade-Control","Infill drilling 20x20m. To test the Oxidemodel Au-grade. Drill to +345mRL.",NULL,NULL,"Designed on the 10x10m Grade Control Grid."
"2022-09-06","P","TujuhBukit","GTD-15-548","DD","GCE100",0,32,32,174492.257,9046143.986,374.551,5374.551,"WGS84_50S","2015-05-08","2015-05-08","Completed","SURVEYED","dGPS","2015-06-09","MA1","Maxidrill","MD150","Tumpang Pitu","E","HSAuAg","Grade-Control","Infill drilling 20x20m. To test the Oxidemodel Au-grade. Drill to +345mRL.",NULL,NULL,"Designed on the 10x10m Grade Control Grid."
"2022-09-06","P","TujuhBukit","GTD-15-549","DD","GCE136",0,32,32,174473.682,9046120.854,373.276,5373.276,"WGS84_50S","2015-05-09","2015-05-09","Completed","SURVEYED","dGPS","2015-06-09","MA1","Maxidrill","MD150","Tumpang Pitu","E","HSAuAg","Grade-Control","Infill drilling 20x20m. To test the Oxidemodel Au-grade. Drill to +340mRL.",NULL,NULL,"Designed on the 10x10m Grade Control Grid."
"2022-09-06","P","TujuhBukit","GTD-15-550","DD","GCE102",0,18,18,174475.125,9046143.87,361.935,5361.935,"WGS84_50S","2015-05-09","2015-05-09","Completed","SURVEYED","dGPS","2015-06-09","MA1","Maxidrill","MD150","Tumpang Pitu","E","HSAuAg","Grade-Control","Infill drilling 20x20m. To test the Oxidemodel Au-grade. Drill to +345mRL.",NULL,NULL,"Designed on the 10x10m Grade Control Grid."
"2022-09-06","P","TujuhBukit","GTD-15-551","DD","GCE134",0,36,36,174496.277,9046125.057,379.726,5379.726,"WGS84_50S","2015-05-10","2015-05-11","Completed","SURVEYED","dGPS","2015-06-09","MA1","Maxidrill","MD150","Tumpang Pitu","E","HSAuAg","Grade-Control","Infill drilling 20x20m. To test the Oxidemodel Au-grade. Drill to +345mRL.",NULL,NULL,"Designed on the 10x10m Grade Control Grid. (Piezometer Holes)"
"2022-09-06","P","TujuhBukit","GTD-15-552","DD","GCE132",0,44,44,174516.292,9046125.206,382.275,5382.275,"WGS84_50S","2015-05-12","2015-05-12","Completed","SURVEYED","dGPS","2015-06-09",NULL,"Maxidrill","MD150","Tumpang Pitu","E","HSAuAg","Grade-Control","Infill drilling 20x20m. To test the Oxidemodel Au-grade. Drill to +340mRL.",NULL,NULL,"Designed on the 10x10m Grade Control Grid."
"2022-09-06","P","TujuhBukit","GTD-15-553","DD","GCE130",0,44,44,174535.678,9046126.369,387.47,5387.47,"WGS84_50S","2015-05-13","2015-05-13","Completed","SURVEYED","dGPS","2015-06-09","MA1","Maxidrill","MD150","Tumpang Pitu","E","HSAuAg","Grade-Control","Infill drilling 20x20m. To test the Oxidemodel Au-grade. Drill to +345mRL.",NULL,NULL,"Designed on the 10x10m Grade Control Grid. (Piezometer Holes)"
"2022-09-06","P","TujuhBukit","GTD-15-554","DD","GCE128",0,46,46,174552.491,9046126.219,390.074,5390.074,"WGS84_50S","2015-05-13","2015-05-13","Completed","SURVEYED","dGPS","2015-06-09",NULL,"Maxidrill","MD150","Tumpang Pitu","E","HSAuAg","Grade-Control","Infill drilling 20x20m. To test the Oxidemodel Au-grade. Drill to +350mRL.",NULL,NULL,"Designed on the 10x10m Grade Control Grid."
"2022-09-06","P","TujuhBukit","GTD-15-555","DD","GCE126",0,42,42,174579.996,9046125.825,391.539,5391.539,"WGS84_50S","2015-05-14","2015-05-14","Completed","SURVEYED","dGPS","2015-06-09","MA1","Maxidrill","MD150","Tumpang Pitu","E","HSAuAg","Grade-Control","Infill drilling 20x20m. To test the Oxidemodel Au-grade. Drill to +350mRL.",NULL,NULL,"Designed on the 10x10m Grade Control Grid."
"2022-09-06","P","TujuhBukit","GTD-15-556","DD","GCE124",0,40,40,174597.574,9046127.722,394.302,5394.302,"WGS84_50S","2015-05-14","2015-05-14","Completed","SURVEYED","dGPS","2015-06-09","MA1","Maxidrill","MD150","Tumpang Pitu","E","HSAuAg","Grade-Control","Infill drilling 20x20m. To test the Oxidemodel Au-grade. Drill to +355mRL.",NULL,NULL,"Designed on the 10x10m Grade Control Grid."
"2022-09-06","P","TujuhBukit","GTD-15-557","DD","GCE158",0,14,14,174597.552,9046103.776,386.641,5386.641,"WGS84_50S","2015-05-15","2015-05-15","Completed","SURVEYED","dGPS","2015-06-09","MA1","Maxidrill","MD150","Tumpang Pitu","E","HSAuAg","Grade-Control","Infill drilling 20x20m. To test the Oxidemodel Au-grade. Drill to +375mRL.",NULL,NULL,"Designed on the 10x10m Grade Control Grid."
"2022-09-06","P","TujuhBukit","GTD-15-558","DD","GCE160",0,40,40,174578.234,9046105.413,384.909,5384.909,"WGS84_50S","2015-05-15","2015-05-15","Completed","SURVEYED","dGPS","2015-06-09","MA1","Maxidrill","MD150","Tumpang Pitu","E","HSAuAg","Grade-Control","Infill drilling 20x20m. To test the Oxidemodel Au-grade. Drill to +345mRL.",NULL,NULL,"Designed on the 10x10m Grade Control Grid."
"2022-09-06","P","TujuhBukit","GTD-15-559","DD","GCE162",0,42,42,174556.514,9046105.394,385.324,5385.324,"WGS84_50S","2015-05-16","2015-05-16","Completed","SURVEYED","dGPS","2015-06-09","MA1","Maxidrill","MD150","Tumpang Pitu","E","HSAuAg","Grade-Control","Infill drilling 20x20m. To test the Oxidemodel Au-grade. Drill to +345mRL.",NULL,NULL,"Designed on the 10x10m Grade Control Grid."
"2022-09-06","P","TujuhBukit","GTD-15-560","DD","GCE164",0,40,40,174540.247,9046105.709,384.783,5384.783,"WGS84_50S","2015-05-17","2015-05-17","Completed","SURVEYED","dGPS","2015-06-09","MA1","Maxidrill","MD150","Tumpang Pitu","E","HSAuAg","Grade-Control","Infill drilling 20x20m. To test the Oxidemodel Au-grade. Drill to +345mRL.",NULL,NULL,"Designed on the 10x10m Grade Control Grid."
"2022-09-06","P","TujuhBukit","GTD-15-561","DD","GCE166",0,36,36,174517.448,9046104.73,380.084,5380.084,"WGS84_50S","2015-05-18","2015-05-18","Completed","SURVEYED","dGPS","2015-06-09","MA1","Maxidrill","MD150","Tumpang Pitu","E","HSAuAg","Grade-Control","Infill drilling 20x20m. To test the Oxidemodel Au-grade. Drill to +345mRL.",NULL,NULL,"Designed on the 10x10m Grade Control Grid."
"2022-09-06","P","TujuhBukit","GTD-15-562","DD","GCE168",0,38,38,174491.328,9046104.962,376.646,5376.646,"WGS84_50S","2015-05-19","2015-05-19","Completed","SURVEYED","dGPS","2015-06-09","MA1","Maxidrill","MD150","Tumpang Pitu","E","HSAuAg","Grade-Control","Infill drilling 20x20m. To test the Oxidemodel Au-grade. Drill to +340mRL.",NULL,NULL,"Designed on the 10x10m Grade Control Grid."
"2022-09-06","P","TujuhBukit","GTD-15-563","DD","GCE170",0,36,36,174478.934,9046104.573,375.127,5375.127,"WGS84_50S","2015-05-20","2015-05-20","Completed","SURVEYED","dGPS","2015-06-09","MA1","Maxidrill","MD150","Tumpang Pitu","E","HSAuAg","Grade-Control","Infill drilling 20x20m. To test the Oxidemodel Au-grade. Drill to +340mRL.",NULL,NULL,"Designed on the 10x10m Grade Control Grid."
"2022-09-06","P","TujuhBukit","GTD-15-564","DD","GCE200",0,36,36,174498.281,9046087.139,372.237,5372.237,"WGS84_50S","2015-05-21","2015-05-21","Completed","SURVEYED","dGPS","2015-06-09","MA1","Maxidrill","MD150","Tumpang Pitu","E","HSAuAg","Grade-Control","Infill drilling 20x20m. To test the Oxidemodel Au-grade. Drill to +335mRL.",NULL,NULL,"Designed on the 10x10m Grade Control Grid. (Piezometer Holes)"
"2022-09-06","P","TujuhBukit","GTD-15-565","DD","GCE198",0,40,40,174516.368,9046085.817,374.453,5374.453,"WGS84_50S","2015-05-22","2015-05-22","Completed","SURVEYED","dGPS","2015-06-09","MA1","Maxidrill","MD150","Tumpang Pitu","E","HSAuAg","Grade-Control","Infill drilling 20x20m. To test the Oxidemodel Au-grade. Drill to +335mRL.",NULL,NULL,"Designed on the 10x10m Grade Control Grid."
"2022-09-06","P","TujuhBukit","GTD-15-566","DD","GCE196",0,38,38,174531.156,9046088.503,378.804,5378.804,"WGS84_50S","2015-05-23","2015-05-23","Completed","SURVEYED","dGPS","2015-06-09","MA1","Maxidrill","MD150","Tumpang Pitu","E","HSAuAg","Grade-Control","Infill drilling 20x20m. To test the Oxidemodel Au-grade. Drill to +340mRL.",NULL,NULL,"Designed on the 10x10m Grade Control Grid. (Piezometer Holes)"
"2022-09-06","P","TujuhBukit","GTD-15-567","DD","GCE194",0,44,44,174556.989,9046084.81,378.793,5378.793,"WGS84_50S","2015-05-24","2015-05-24","Completed","SURVEYED","dGPS","2015-06-09","MA1","Maxidrill","MD150","Tumpang Pitu","E","HSAuAg","Grade-Control","Infill drilling 20x20m. To test the Oxidemodel Au-grade. Drill to +335mRL.",NULL,NULL,"Designed on the 10x10m Grade Control Grid."
"2022-09-06","P","TujuhBukit","GTD-15-568","DD","GCE192",0,36,36,174574.925,9046085.243,379.203,5379.203,"WGS84_50S","2015-05-25","2015-05-25","Completed","SURVEYED","dGPS","2015-06-09","MA1","Maxidrill","MD150","Tumpang Pitu","E","HSAuAg","Grade-Control","Infill drilling 20x20m. To test the Oxidemodel Au-grade. Drill to +345mRL.",NULL,NULL,"Designed on the 10x10m Grade Control Grid."
"2022-09-06","P","TujuhBukit","GTD-15-569","DD","GCE190",0,12,12,174589.202,9046088.44,381.17,5381.17,"WGS84_50S","2015-05-25","2015-05-25","Completed","SURVEYED","dGPS","2015-06-09","MA1","Maxidrill","MD150","Tumpang Pitu","E","HSAuAg","Grade-Control","Infill drilling 20x20m. To test the Oxidemodel Au-grade. Drill to +370mRL.",NULL,NULL,"Designed on the 10x10m Grade Control Grid."
"2022-09-06","P","TujuhBukit","GTD-15-570","DD","GCE217",0,6,6,174616.681,9046065.466,379.437,5379.437,"WGS84_50S","2015-05-25","2015-05-25","Completed","SURVEYED","dGPS","2015-06-09","MA1","Maxidrill","MD150","Tumpang Pitu","E","HSAuAg","Grade-Control","Infill drilling 20x20m. To test the Oxidemodel Au-grade. Drill to +375mRL.",NULL,NULL,"Designed on the 10x10m Grade Control Grid."
"2022-09-06","P","TujuhBukit","GTD-15-571","DD","GCE219",0,14,14,174593.959,9046066.49,373.965,5373.965,"WGS84_50S","2015-05-26","2015-05-26","Completed","SURVEYED","dGPS","2015-06-09","MA1","Maxidrill","MD150","Tumpang Pitu","E","HSAuAg","Grade-Control","Infill drilling 20x20m. To test the Oxidemodel Au-grade. Drill to +360mRL.",NULL,NULL,"Designed on the 10x10m Grade Control Grid."
"2022-09-06","P","TujuhBukit","GTD-15-572","DD","GCE221",0,36,36,174576.694,9046065.883,370.813,5370.813,"WGS84_50S","2015-05-26","2015-05-26","Completed","SURVEYED","dGPS","2015-06-09","MA1","Maxidrill","MD150","Tumpang Pitu","E","HSAuAg","Grade-Control","Infill drilling 20x20m. To test the Oxidemodel Au-grade. Drill to +355mRL.",NULL,NULL,"Designed on the 10x10m Grade Control Grid."
"2022-09-06","P","TujuhBukit","GTD-15-573","DD","GCE223",0,36,36,174558.445,9046068.8,371.534,5371.534,"WGS84_50S","2015-05-27","2015-05-27","Completed","SURVEYED","dGPS","2015-06-09","MA1","Maxidrill","MD150","Tumpang Pitu","E","HSAuAg","Grade-Control","Infill drilling 20x20m. To test the Oxidemodel Au-grade. Drill to +335mRL.",NULL,NULL,"Designed on the 10x10m Grade Control Grid."
"2022-09-06","P","TujuhBukit","GTD-15-574","DD","GCE225",0,44,44,174534.694,9046066.139,367.417,5367.417,"WGS84_50S","2015-05-27","2015-05-28","Completed","SURVEYED","dGPS","2015-06-09","MA1","Maxidrill","MD150","Tumpang Pitu","E","HSAuAg","Grade-Control","Infill drilling 20x20m. To test the Oxidemodel Au-grade.",NULL,NULL,"Designed on the 10x10m Grade Control Grid."
"2022-09-06","P","TujuhBukit","GTD-15-575","DD","GCE227",0,42,18,174515.122,9046066.422,362.488,5362.488,"WGS84_50S","2015-05-28","2015-05-28","Completed","SURVEYED","dGPS","2015-06-09","MA1","Maxidrill","MD150","Tumpang Pitu","E","HSAuAg","Grade-Control","Infill drilling 20x20m. To test the Oxidemodel Au-grade.",NULL,NULL,"Designed on the 10x10m Grade Control Grid."
"2022-09-06","P","TujuhBukit","GTD-15-576","DD","GCE229",0,36,12,174496.979,9046065.365,356.038,5356.038,"WGS84_50S","2015-05-29","2015-05-29","Completed","SURVEYED","dGPS","2015-06-09","MA1","Maxidrill","MD150","Tumpang Pitu","E","HSAuAg","Grade-Control","Infill drilling 20x20m. To test the Oxidemodel Au-grade.",NULL,NULL,"Designed on the 10x10m Grade Control Grid."
"2022-09-06","P","TujuhBukit","GTD-15-577","DD","GCE257",0,36,6,174494.204,9046046.854,349.25,5349.25,"WGS84_50S","2015-05-30","2015-05-30","Completed","SURVEYED","dGPS","2015-06-09","MA1","Maxidrill","MD150","Tumpang Pitu","E","HSAuAg","Grade-Control","Infill drilling 20x20m. To test the Oxidemodel Au-grade.",NULL,NULL,"Designed on the 10x10m Grade Control Grid. (Piezometer Holes)"
"2022-09-06","P","TujuhBukit","GTD-15-578","DD","GCE255",0,38,10,174516.041,9046048.146,354.535,5354.535,"WGS84_50S","2015-05-31","2015-05-31","Completed","SURVEYED","dGPS","2015-06-09","MA1","Maxidrill","MD150","Tumpang Pitu","E","HSAuAg","Grade-Control","Infill drilling 20x20m. To test the Oxidemodel Au-grade.",NULL,NULL,"Designed on the 10x10m Grade Control Grid."
"2022-09-06","P","TujuhBukit","GTD-15-579","DD","GCE253",0,40,14,174534.65,9046045.514,357.762,5357.762,"WGS84_50S","2015-06-01","2015-06-01","Completed","SURVEYED","dGPS","2015-06-09","MA1","Maxidrill","MD150","Tumpang Pitu","E","HSAuAg","Grade-Control","Infill drilling 20x20m. To test the Oxidemodel Au-grade.",NULL,NULL,"Designed on the 10x10m Grade Control Grid. (Piezometer Holes)"
"2022-09-06","P","TujuhBukit","GTD-15-580","DD","GCE251",0,40,16,174555.223,9046047.013,360.876,5360.876,"WGS84_50S","2015-06-02","2015-06-02","Completed","SURVEYED","dGPS","2015-06-09","MA1","Maxidrill","MD150","Tumpang Pitu","E","HSAuAg","Grade-Control","Infill drilling 20x20m. To test the Oxidemodel Au-grade.",NULL,NULL,"Designed on the 10x10m Grade Control Grid."
"2022-09-06","P","TujuhBukit","GTD-15-581","DD","GCE249",0,24,20,174574.05,9046046.567,362.804,5362.804,"WGS84_50S","2015-06-03","2015-06-03","Completed","SURVEYED","dGPS","2015-06-09","MA1","Maxidrill","MD150","Tumpang Pitu","E","HSAuAg","Grade-Control","Infill drilling 20x20m. To test the Oxidemodel Au-grade.",NULL,NULL,"Designed on the 10x10m Grade Control Grid."
"2022-09-06","P","TujuhBukit","GTD-15-582","DD","GCE247",0,24,24,174595.357,9046046.155,366.902,5366.902,"WGS84_50S","2015-06-03","2015-06-03","Completed","SURVEYED","dGPS","2015-06-09","MA1","Maxidrill","MD150","Tumpang Pitu","E","HSAuAg","Grade-Control","Infill drilling 20x20m. To test the Oxidemodel Au-grade.",NULL,NULL,"Designed on the 10x10m Grade Control Grid."
"2022-09-06","P","TujuhBukit","GTD-15-583","DD","GCE245",0,14,14,174614.496,9046043.679,371.839,5371.839,"WGS84_50S","2015-06-04","2015-06-04","Completed","SURVEYED","dGPS","2015-06-09","MA1","Maxidrill","MD150","Tumpang Pitu","E","HSAuAg","Grade-Control","Infill drilling 20x20m. To test the Oxidemodel Au-grade.",NULL,NULL,"Designed on the 10x10m Grade Control Grid."
"2022-09-06","P","TujuhBukit","GTD-15-584","DD","GCBW021",0,44,44,174597.397,9045434.619,378.553,5378.553,"WGS84_50S","2015-08-26","2015-08-27","Completed","SURVEYED","dGPS","2015-09-15",NULL,"Maxidrill","MD150-2","Tumpang Pitu","B","HSAuAg","Grade-Control","Infill drilling 20x20m PIT B West",NULL,NULL,NULL
"2022-09-06","P","TujuhBukit","GTD-15-585","DD","GCBW022",0,42,42,174576.599,9045433.608,376.168,5376.168,"WGS84_50S","2015-08-27","2015-08-27","Completed","SURVEYED","dGPS","2015-09-15",NULL,"Maxidrill","MD150-2","Tumpang Pitu","B","HSAuAg","Grade-Control","Infill drilling 20x20m PIT B West",NULL,NULL,NULL
"2022-09-06","P","TujuhBukit","GTD-15-586","DD","GCBW023",0,30,30,174533.128,9045432.855,365.359,5365.359,"WGS84_50S","2015-08-27","2015-08-28","Completed","SURVEYED","dGPS","2015-09-15",NULL,"Maxidrill","MD150-1","Tumpang Pitu","B","HSAuAg","Grade-Control","Infill drilling 20x20m PIT B West",NULL,NULL,NULL
"2022-09-06","P","TujuhBukit","GTD-15-587","DD","GCBW004",0,40,40,174535.846,9045411.56,377.508,5377.508,"WGS84_50S","2015-08-28","2015-08-29","Completed","SURVEYED","dGPS","2015-09-15",NULL,"Maxidrill","MD150-2","Tumpang Pitu","B","HSAuAg","Grade-Control","Infill drilling 20x20m PIT B West",NULL,NULL,NULL
"2022-09-06","P","TujuhBukit","GTD-15-588","DD","GCBW024",0,24,24,174509.043,9045433.442,358.213,5358.213,"WGS84_50S","2015-08-29","2015-08-29","Completed","SURVEYED","dGPS","2015-09-15",NULL,"Maxidrill","MD150-1","Tumpang Pitu","B","HSAuAg","Grade-Control","Infill drilling 20x20m PIT B West",NULL,NULL,NULL
"2022-09-06","P","TujuhBukit","GTD-15-589","DD","GCBW018",0,84,84,174518.372,9045373.479,369.533,5369.533,"WGS84_50S","2015-08-30","2015-08-31","Completed","SURVEYED","dGPS","2015-09-15",NULL,"Maxidrill","MD150-2","Tumpang Pitu","B","HSAuAg","Grade-Control","Infill drilling 20x20m PIT B West",NULL,NULL,"(Piezometer Holes)"
"2022-09-06","P","TujuhBukit","GTD-15-590","DD","GCBW025",0,54,54,174490.954,9045433.833,353.26,5353.26,"WGS84_50S","2015-09-01","2015-09-01","Completed","SURVEYED","dGPS","2015-09-15",NULL,"Maxidrill","MD150-2","Tumpang Pitu","B","HSAuAg","Grade-Control","Infill drilling 20x20m PIT B West",NULL,NULL,"(Piezometer Holes)"
"2022-09-06","P","TujuhBukit","GTD-15-591","DD","GCBW019",0,76,76,174494.78,9045373.439,360.933,5360.933,"WGS84_50S","2015-09-01","2015-09-03","Completed","SURVEYED","dGPS","2015-09-15",NULL,"Maxidrill","MD150-2","Tumpang Pitu","B","HSAuAg","Grade-Control","Infill drilling 20x20m PIT B West",NULL,NULL,NULL
"2022-09-06","P","TujuhBukit","GTD-15-592","DD","GCBW026",0,16,16,174476.556,9045432.625,351.443,5351.443,"WGS84_50S","2015-09-03","2015-09-03","Completed","SURVEYED","dGPS","2015-09-15",NULL,"Maxidrill","MD150-1","Tumpang Pitu","B","HSAuAg","Grade-Control","Infill drilling 20x20m PIT B West",NULL,NULL,NULL
"2022-09-06","P","TujuhBukit","GTD-15-593","DD","GCBW020",0,68,68,174472.297,9045375.059,351.545,5351.545,"WGS84_50S","2015-09-03","2015-09-05","Completed","SURVEYED","dGPS","2015-09-15",NULL,"Maxidrill","MD150-2","Tumpang Pitu","B","HSAuAg","Grade-Control","Infill drilling 20x20m PIT B West",NULL,NULL,NULL
"2022-09-06","P","TujuhBukit","GTD-15-594","DD","AreaA003",0,35,35,174068.333,9046863.619,360,5360,"WGS84_50S","2015-10-10","2015-10-10","Completed","SURVEYED","dGPS","2015-10-27",NULL,"Maxidrill","MD150-1","Tumpang Pitu","A","HSAuAg","ResourceDevelopment","Infill drilling",NULL,NULL,NULL
"2022-09-06","P","TujuhBukit","GTD-15-595","DD","AreaA002",0,50,50,174033.732,9046824.427,346.784,5346.784,"WGS84_50S","2015-10-11","2015-10-12","Completed","SURVEYED","dGPS","2015-10-27",NULL,"Maxidrill","MD150-1","Tumpang Pitu","A","HSAuAg","ResourceDevelopment","Infill drilling",NULL,NULL,NULL
"2022-09-06","P","TujuhBukit","GTD-15-596","DD","AreaA001",0,55,55,174003.691,9046797.568,316.528,5316.528,"WGS84_50S","2015-10-12","2015-10-13","Completed","SURVEYED","dGPS","2015-10-27",NULL,"Maxidrill","MD150-1","Tumpang Pitu","A","HSAuAg","ResourceDevelopment","Infill drilling",NULL,NULL,NULL
"2022-09-06","P","TujuhBukit","GTD-15-597","DD","AreaA004",0,100,100,174031.726,9046767.479,331.454,5331.454,"WGS84_50S","2015-10-13","2015-10-15","Completed","SURVEYED","dGPS","2015-10-27",NULL,"Maxidrill","MD150-1","Tumpang Pitu","A","HSAuAg","ResourceDevelopment","Infill drilling",NULL,NULL,NULL
"2022-09-06","P","TujuhBukit","GTD-15-598","DD","Area005",0,75,75,174057.4,9046785.518,349.509,5349.509,"WGS84_50S","2015-10-16","2015-10-17","Completed","SURVEYED","dGPS","2015-10-27",NULL,"Maxidrill","MD150-1","Tumpang Pitu","A","HSAuAg","ResourceDevelopment","Infill drilling",NULL,NULL,NULL
"2022-09-06","P","TujuhBukit","GTD-17-599","DD","BW-02",0,104.1,100,174472.866,9045242.566,365.81,5365.81,"WGS84_50S","2017-07-30","2017-08-01","Completed","SURVEYED","dGPS","2017-08-28","AG","Indodrill","ID1800","Tumpang Pitu","B West","HSAuAg","ResourceDevelopment","OXP-Infill drilling","AM",NULL,NULL
"2022-09-06","P","TujuhBukit","GTD-17-600","DD","BW-01",0,100.1,80,174472.866,9045242.566,365.81,5365.81,"WGS84_50S","2017-08-01","2017-08-06","Completed","SURVEYED","dGPS","2017-08-28","AG","Indodrill","ID1800","Tumpang Pitu","B West","HSAuAg","ResourceDevelopment","OXP-Infill drilling","AM",NULL,NULL
"2022-09-06","P","TujuhBukit","GTD-17-601","DD","BW-03",0,106.2,100,174472.866,9045242.566,365.81,5365.81,"WGS84_50S","2017-08-07","2017-08-09","Completed","SURVEYED","dGPS","2017-08-28","AG","Indodrill","ID1800","Tumpang Pitu","B West","HSAuAg","ResourceDevelopment","OXP-Infill drilling","AM",NULL,NULL
"2022-09-06","P","TujuhBukit","GTD-17-602","DD","BW-04",0,120,120,174552.566,9045200.022,382.457,5382.457,"WGS84_50S","2017-08-11","2017-08-13","Completed","SURVEYED","dGPS","2017-08-28","AG","Indodrill","ID1800","Tumpang Pitu","B West","HSAuAg","ResourceDevelopment","OXP-Infill drilling","AM",NULL,NULL
"2022-09-06","P","TujuhBukit","GTD-17-603","DD","BW-05",0,70,60,174552.566,9045200.022,382.457,5382.457,"WGS84_50S","2017-08-13","2017-08-14","Completed","SURVEYED","dGPS","2017-08-28","AG","Indodrill","ID1800","Tumpang Pitu","B West","HSAuAg","ResourceDevelopment","OXP-Infill drilling","AM",NULL,NULL
"2022-09-06","P","TujuhBukit","GTD-17-604","DD","BW-06",0,50.15,50,174552.566,9045200.022,382.457,5382.457,"WGS84_50S","2017-08-15","2017-08-16","Completed","SURVEYED","dGPS","2017-08-28","AG","Indodrill","ID1800","Tumpang Pitu","B West","HSAuAg","ResourceDevelopment","OXP-Infill drilling","AM",NULL,NULL
"2022-09-06","P","TujuhBukit","GTD-17-605","DD","BW-07",0,80,80,174522.405,9045160.766,382.803,5382.803,"WGS84_50S","2017-08-17","2017-08-18","Completed","SURVEYED","dGPS","2017-08-28","AG","Indodrill","ID1800","Tumpang Pitu","B West","HSAuAg","ResourceDevelopment","OXP-Infill drilling","AM",NULL,NULL
"2022-09-06","P","TujuhBukit","GTD-17-606","DD","BW-08_newBW",0,70.2,70,174522.405,9045160.766,382.803,5382.803,"WGS84_50S","2017-08-18","2017-08-20","Completed","SURVEYED","dGPS","2017-08-28","AG","Indodrill","ID1800","Tumpang Pitu","B West","HSAuAg","ResourceDevelopment","OXP-Infill drilling","AM",NULL,NULL
"2022-09-06","P","TujuhBukit","GTD-17-607","DD","BW-09",0,80,60,174522.405,9045160.766,382.803,5382.803,"WGS84_50S","2017-08-20","2017-08-21","Completed","SURVEYED","dGPS","2017-08-28","AG","Indodrill","ID1800","Tumpang Pitu","B West","HSAuAg","ResourceDevelopment","OXP-Infill drilling","AM",NULL,NULL
"2022-09-06","P","TujuhBukit","GTD-17-608","DD","A-03",0,166.8,175,174210.31,9046453.107,283.875,5283.875,"WGS84_50S","2017-08-22","2017-08-27","Completed","SURVEYED","dGPS","2017-10-17","AG","Indodrill","ID500","Tumpang Pitu","A","HSAuAg","ResourceDevelopment","OXP-Infill drilling","VA",NULL,NULL
"2022-09-06","P","TujuhBukit","GTD-17-609","DD","BW-11",0,90.6,80,174525.194,9045128.026,374.434,5374.434,"WGS84_50S","2017-08-24","2017-08-25","Completed","SURVEYED","dGPS","2017-10-11","AG","Indodrill","ID1800","Tumpang Pitu","B West","HSAuAg","ResourceDevelopment","OXP-Infill drilling","AM",NULL,NULL
"2022-09-06","P","TujuhBukit","GTD-17-610","DD","BW-10",0,83,80,174525.194,9045128.026,374.434,5374.434,"WGS84_50S","2017-08-26","2017-08-28","Completed","SURVEYED","dGPS","2017-10-11","AG","Indodrill","ID1800","Tumpang Pitu","B West","HSAuAg","ResourceDevelopment","OXP-Infill drilling","AM",NULL,NULL
"2022-09-06","P","TujuhBukit","GTD-17-611","DD","A-01",0,130.4,120,174210.31,9046453.107,283.875,5283.875,"WGS84_50S","2017-08-29","2017-08-31","Completed","SURVEYED","dGPS","2017-10-17","AG","Indodrill","ID500","Tumpang Pitu","A","HSAuAg","ResourceDevelopment","OXP-Infill drilling","IW",NULL,NULL
"2022-09-06","P","TujuhBukit","GTD-17-612","DD","BW-12",0,121.1,80,174525.194,9045128.026,374.434,5374.434,"WGS84_50S","2017-08-28","2017-08-30","Completed","SURVEYED","dGPS","2017-10-11","AG","Indodrill","ID1800","Tumpang Pitu","B West","HSAuAg","ResourceDevelopment","OXP-Infill drilling","AM",NULL,NULL
"2022-09-06","P","TujuhBukit","GTD-17-613","DD","BW-13",0,72,60,174525.194,9045128.026,374.434,5374.434,"WGS84_50S","2017-08-30","2017-08-31","Completed","SURVEYED","dGPS","2017-10-11","AG","Indodrill","ID1800","Tumpang Pitu","B West","HSAuAg","ResourceDevelopment","OXP-Infill drilling","AM",NULL,NULL
"2022-09-06","P","TujuhBukit","GTD-17-614","DD","A-07b",0,95.6,70,174351.537,9046471.256,328.757,5328.757,"WGS84_50S","2017-09-02","2017-09-04","Completed","SURVEYED","dGPS","2017-10-17","AG","Indodrill","ID500","Tumpang Pitu","A","HSAuAg","ResourceDevelopment","OXP-Infill drilling","AM",NULL,NULL
"2022-09-06","P","TujuhBukit","GTD-17-615","DD","A-20",0,71,60,174164.35,9046882.524,385.816,5385.816,"WGS84_50S","2017-09-04","2017-09-05","Completed","SURVEYED","dGPS","2017-10-17","AG","Indodrill","ID1800","Tumpang Pitu","A","HSAuAg","ResourceDevelopment","OXP-Infill drilling","AM",NULL,NULL
"2022-09-06","P","TujuhBukit","GTD-17-616","DD","A-08b",0,114.4,70,174351.537,9046471.256,328.757,5328.757,"WGS84_50S","2017-09-05","2017-09-07","Completed","SURVEYED","dGPS","2017-10-17","AG","Indodrill","ID500","Tumpang Pitu","A","HSAuAg","ResourceDevelopment","OXP-Infill drilling","IW",NULL,NULL
"2022-09-06","P","TujuhBukit","GTD-17-617","DD","A-19",0,73.6,60,174127.946,9046852.22,383.19,5383.19,"WGS84_50S","2017-09-06","2017-09-08","Completed","SURVEYED","dGPS","2017-10-17","AG","Indodrill","ID1800","Tumpang Pitu","A","HSAuAg","ResourceDevelopment","OXP-Infill drilling","AM",NULL,NULL
"2022-09-06","P","TujuhBukit","GTD-17-618","DD","A-04b",0,96.5,100,174351.537,9046471.256,328.757,5328.757,"WGS84_50S","2017-09-08","2017-09-11","Completed","SURVEYED","dGPS","2017-10-17","AG","Indodrill","ID500","Tumpang Pitu","A","HSAuAg","ResourceDevelopment","OXP-Infill drilling","IW",NULL,NULL
"2022-09-06","P","TujuhBukit","GTD-17-619","DD","A-13",0,78.5,60,174119.748,9046938.215,367.479,5367.479,"WGS84_50S","2017-09-08","2017-09-13","Completed","SURVEYED","dGPS","2017-10-17","AG","Indodrill","ID1800","Tumpang Pitu","A","HSAuAg","ResourceDevelopment","OXP-Infill drilling","VA",NULL,NULL
"2022-09-06","P","TujuhBukit","GTD-17-620","DD","C-3",0,147.1,100,173965.972,9045859.753,271.954,5271.954,"WGS84_50S","2017-09-12","2017-09-16","Completed","SURVEYED","dGPS","2017-10-11","AG","Indodrill","ID500","Tumpang Pitu","C","HSAuAg","ResourceDevelopment","OXP-Infill drilling","IW",NULL,NULL
"2022-09-06","P","TujuhBukit","GTD-17-621","DD","A-12",0,62.2,60,174072.087,9046910.704,363.901,5363.901,"WGS84_50S","2017-09-13","2017-09-15","Completed","SURVEYED","dGPS","2017-10-17","AG","Indodrill","ID1800","Tumpang Pitu","A","HSAuAg","ResourceDevelopment","OXP-Infill drilling","PR",NULL,NULL
"2022-09-06","P","TujuhBukit","GTD-17-622","DD","A-16",0,75.1,60,174089.015,9046841.102,370.437,5370.437,"WGS84_50S","2017-09-15","2017-09-17","Completed","SURVEYED","dGPS","2017-10-17","AG","Indodrill","ID500","Tumpang Pitu","A","HSAuAg","ResourceDevelopment","OXP-Infill drilling","PR",NULL,NULL
"2022-09-06","P","TujuhBukit","GTD-17-623","DD","C-13_new",0,141,100,173965.972,9045859.753,271.954,5271.954,"WGS84_50S","2017-09-16","2017-09-23","Completed","SURVEYED","dGPS","2017-10-11","AG","Indodrill","ID1800","Tumpang Pitu","C","HSAuAg","ResourceDevelopment","OXP-Infill drilling","AM",NULL,NULL
"2022-09-06","P","TujuhBukit","GTD-17-624","DD","A-17b",0,120,100,174089.015,9046841.102,370.437,5370.437,"WGS84_50S","2017-09-17","2017-09-20","Completed","SURVEYED","dGPS","2017-10-17","AG","Indodrill","ID1800","Tumpang Pitu","A","HSAuAg","ResourceDevelopment","OXP-Infill drilling","PR",NULL,NULL
"2022-09-06","P","TujuhBukit","GTD-17-625","DD","A-18",0,78,60,174090.431,9046819.622,369.994,5369.994,"WGS84_50S","2017-09-21","2017-09-22","Completed","SURVEYED","dGPS","2017-10-17","AG","Indodrill","ID1800","Tumpang Pitu","A","HSAuAg","ResourceDevelopment","OXP-Infill drilling","VA",NULL,NULL
"2022-09-06","P","TujuhBukit","GTD-17-626","DD","A-11",0,99.1,125,174028.727,9046770.968,327.253,5327.253,"WGS84_50S","2017-09-23","2017-09-27","Completed","SURVEYED","dGPS","2017-10-17","AG","Indodrill","ID1800","Tumpang Pitu","A","HSAuAg","ResourceDevelopment","OXP-Infill drilling","VA",NULL,NULL
"2022-09-06","P","TujuhBukit","GTD-17-627","DD","C-14_new",0,102.9,100,173965.972,9045859.753,271.954,5271.954,"WGS84_50S","2017-09-23","2017-09-26","Completed","SURVEYED","dGPS","2017-10-11","AG","Indodrill","ID500","Tumpang Pitu","C","HSAuAg","ResourceDevelopment","OXP-Infill drilling","AM",NULL,NULL
"2022-09-06","P","TujuhBukit","GTD-17-628","DD","C-11_new",0,70.5,60,173774.187,9046245.518,172.257,5172.257,"WGS84_50S","2017-09-30","2017-10-02","Completed","SURVEYED","dGPS","2017-10-11","AG","Indodrill","ID500","Tumpang Pitu","C","HSAuAg","ResourceDevelopment","OXP-Infill drilling","AM",NULL,NULL
"2022-09-06","P","TujuhBukit","GTD-17-629","DD","A-15",0,99.4,80,174000.658,9046768.823,314.311,5314.311,"WGS84_50S","2017-09-27","2017-09-30","Completed","SURVEYED","dGPS","2017-10-17","AG","Indodrill","ID1800","Tumpang Pitu","A","HSAuAg","ResourceDevelopment","OXP-Infill drilling","VA",NULL,NULL
"2022-09-06","P","TujuhBukit","GTD-17-630","DD","A-14",0,130,130,174000.658,9046768.823,314.311,5314.311,"WGS84_50S","2017-09-30","2017-10-04","Completed","SURVEYED","dGPS","2017-10-17","AG","Indodrill","ID1800","Tumpang Pitu","A","HSAuAg","ResourceDevelopment","OXP-Infill drilling","VA",NULL,NULL
"2022-09-06","P","TujuhBukit","GTD-17-631","DD","C-10_new",0,60.4,60,173753.006,9046264.219,163.272,5163.272,"WGS84_50S","2017-10-04","2017-10-06","Completed","SURVEYED","dGPS","2017-10-11","AG","Indodrill","ID500","Tumpang Pitu","C","HSAuAg","ResourceDevelopment","OXP-Infill drilling","AM",NULL,NULL
"2022-09-06","P","TujuhBukit","GTD-17-632","DD","C-1",0,113.7,100,173954.827,9045793.058,262.299,5262.299,"WGS84_50S","2017-10-07","2017-10-09","Completed","SURVEYED","dGPS","2017-11-09","AG","Indodrill","ID1800","Tumpang Pitu","C","HSAuAg","ResourceDevelopment","OXP-Infill drilling","AM",NULL,NULL
"2022-09-06","P","TujuhBukit","GTD-17-633","DD","C-7",0,58,60,173618.674,9046291.756,138.504,5138.504,"WGS84_50S","2017-10-11","2017-10-13","Completed","SURVEYED","dGPS","2017-11-09","AG","Indodrill","ID500","Tumpang Pitu","C","HSAuAg","ResourceDevelopment","OXP-Infill drilling","VA",NULL,NULL
"2022-09-06","P","TujuhBukit","GTD-17-634","DD","C-13",0,104,90,173954.827,9045793.058,262.299,5262.299,"WGS84_50S","2017-10-11","2017-10-13","Completed","SURVEYED","dGPS","2017-11-09","AG","Indodrill","ID1800","Tumpang Pitu","C","HSAuAg","ResourceDevelopment","OXP-Infill drilling","VA",NULL,NULL
"2022-09-06","P","TujuhBukit","GTD-17-635","DD","C-16",0,83.9,100,173954.827,9045793.058,262.299,5262.299,"WGS84_50S","2017-10-14","2017-10-16","Completed","SURVEYED","dGPS","2017-11-09","AG","Indodrill","ID1800","Tumpang Pitu","C","HSAuAg","ResourceDevelopment","OXP-Infill drilling","AM",NULL,NULL
"2022-09-06","P","TujuhBukit","GTD-17-636","DD","C-9_new",0,69,55,173620.712,9046245.778,149.289,5149.289,"WGS84_50S","2017-10-16","2017-10-19","Completed","SURVEYED","dGPS","2017-11-09","AG","Indodrill","ID500","Tumpang Pitu","C","HSAuAg","ResourceDevelopment","OXP-Infill drilling","VA",NULL,NULL
"2022-09-06","P","TujuhBukit","GTD-17-637","DD","C-2",0,104.8,100,173925.474,9045821.697,270.671,5270.671,"WGS84_50S","2017-10-17","2017-10-20","Completed","SURVEYED","dGPS","2017-11-18","AG","Indodrill","ID1800","Tumpang Pitu","C","HSAuAg","ResourceDevelopment","OXP-Infill drilling","AM",NULL,NULL
"2022-09-06","P","TujuhBukit","GTD-17-638","DD","C-6",0,62.3,60,173582.432,9046312.36,135.568,5135.568,"WGS84_50S","2017-10-21","2017-10-23","Completed","SURVEYED","dGPS","2017-11-09","AG","Indodrill","ID500","Tumpang Pitu","C","HSAuAg","ResourceDevelopment","OXP-Infill drilling","VA",NULL,NULL
"2022-09-06","P","TujuhBukit","GTD-17-639","DD","C-4",0,110.5,100,173899.957,9045854.484,271.825,5271.825,"WGS84_50S","2017-10-21","2017-10-24","Completed","SURVEYED","dGPS","2017-11-09","AG","Indodrill","ID1800","Tumpang Pitu","C","HSAuAg","ResourceDevelopment","OXP-Infill drilling","IW",NULL,NULL
"2022-09-06","P","TujuhBukit","GTD-17-640","DD","C-15",0,100.5,80,173979.623,9045774.431,246.309,5246.309,"WGS84_50S","2017-10-24","2017-10-27","Completed","SURVEYED","dGPS","2017-11-09","AG","Indodrill","ID1800","Tumpang Pitu","C","HSAuAg","ResourceDevelopment","OXP-Infill drilling","IW",NULL,NULL
"2022-09-06","P","TujuhBukit","GTD-17-641","DD","C-5",0,71.4,60,173530.851,9046317.629,147.39,5147.39,"WGS84_50S","2017-10-25","2017-10-27","Completed","SURVEYED","dGPS","2017-11-09","AG","Indodrill","ID500","Tumpang Pitu","C","HSAuAg","ResourceDevelopment","OXP-Infill drilling","PR",NULL,NULL
"2022-09-06","P","TujuhBukit","GTD-17-642","DD","C-14",0,97,100,173979.623,9045774.431,246.309,5246.309,"WGS84_50S","2017-10-27","2017-10-29","Completed","SURVEYED","dGPS","2017-11-09","AG","Indodrill","ID1800","Tumpang Pitu","C","HSAuAg","ResourceDevelopment","OXP-Infill drilling","PR",NULL,NULL
"2022-09-06","P","TujuhBukit","GTD-17-643","DD","C-17",0,130.7,80,173979.623,9045774.431,246.309,5246.309,"WGS84_50S","2017-10-29","2017-11-03","Completed","SURVEYED","dGPS","2017-11-09","AG","Indodrill","ID1800","Tumpang Pitu","C","HSAuAg","ResourceDevelopment","OXP-Infill drilling","PR",NULL,NULL
"2022-09-06","P","TujuhBukit","GTD-17-644","DD","C-8",0,69.5,69.5,173575.897,9046259.791,155.802,5155.802,"WGS84_50S","2017-10-05","2017-10-27","Completed","SURVEYED","dGPS","2017-11-09","AG","Indodrill","ID1800","Tumpang Pitu","C","HSAuAg","Exploration","Geotechnical Investigation UHGZ Decline","PR","2017-11-10",NULL
"2022-09-06","P","TujuhBukit","GTD-17-645","DD","GTD-17-645 wedge 1",0,878.1,950,175040.888,9046282.431,325.315,5325.315,"WGS84_50S","2017-12-12","2018-02-17","Completed","SURVEYED","dGPS","2017-11-20","JW","Indodrill","ID1800","Tumpang Pitu","A","PorphCuAu","Exploration","UHGZ confirmation by directional drilling  ","IW","2020-08-27",NULL
